id,link,publish_data,category,title,author,img,img_caption,content
0,https://www.news24.com/sport/Cricket/Proteas/proteas-leadership-shake-up-temba-takes-over-test-captaincy-ahead-of-windies-series-20230217,1h ago,Sports,"Proteas shake-up: Bavuma handed Test captaincy, stands down from T20 role as De Zorzi called up",Craig Taylor,https://cdn.24.co.za/files/Cms/General/d/8361/c6a838fdef4649b1833da1c2ac430c99.jpg,Temba Bavuma (Gallo),
1,https://www.news24.com/sport/Cricket/Proteas/proteas-leadership-shake-up-temba-takes-over-test-captaincy-ahead-of-windies-series-20230217,1h ago,Sports,"Proteas shake-up: Bavuma handed Test captaincy, stands down from T20 role as De Zorzi called up",Craig Taylor,https://cdn.24.co.za/files/Cms/General/d/8361/c6a838fdef4649b1833da1c2ac430c99.jpg,Temba Bavuma (Gallo),
2,https://www.news24.com/sport/OtherSport/WaterSport/birkett-mackenzie-tighten-their-grips-on-the-dusi-titles-20230217,28m ago,Sports,"Birkett, Mackenzie tighten their grips on the Dusi titles",Compiled by Craig Taylor,https://cdn.24.co.za/files/Cms/General/d/8362/a3c022dba3874a6292f26c6b35e09b8c.jpg,Andy Birkett (Gallo),
3,https://www.news24.com/sport/Cricket/Proteas/proteas-leadership-shake-up-temba-takes-over-test-captaincy-ahead-of-windies-series-20230217,1h ago,Sports,"Proteas shake-up: Bavuma handed Test captaincy, stands down from T20 role as De Zorzi called up",Craig Taylor,https://cdn.24.co.za/files/Cms/General/d/8361/c6a838fdef4649b1833da1c2ac430c99.jpg,Temba Bavuma (Gallo),
4,https://www.news24.com/sport/OtherSport/WaterSport/birkett-mackenzie-tighten-their-grips-on-the-dusi-titles-20230217,29m ago,Sports,"Birkett, Mackenzie tighten their grips on the Dusi titles",Compiled by Craig Taylor,https://cdn.24.co.za/files/Cms/General/d/8362/a3c022dba3874a6292f26c6b35e09b8c.jpg,Andy Birkett (Gallo),
5,https://www.news24.com/sport/Cricket/SA20/biff-praises-temba-for-right-response-to-sa20-snub-reiterates-franchises-selection-autonomy-20230217,3h ago,Sports,"Biff praises Temba for 'right' response to SA20 snub, reiterates franchises' selection autonomy",Heinz Schenk,https://cdn.24.co.za/files/Cms/General/d/8249/51abb1a4ef464b299c73524e140aa18a.jpg,Temba Bavuma. (Photo by SA20/Sportzpics/Gallo Images),
6,https://www.news24.com/sport/Cricket/Proteas/proteas-leadership-shake-up-temba-takes-over-test-captaincy-ahead-of-windies-series-20230217,1h ago,Sports,"Proteas shake-up: Bavuma handed Test captaincy, stands down from T20 role as De Zorzi called up",Craig Taylor,https://cdn.24.co.za/files/Cms/General/d/8361/c6a838fdef4649b1833da1c2ac430c99.jpg,Temba Bavuma (Gallo),
7,https://www.news24.com/sport/OtherSport/WaterSport/birkett-mackenzie-tighten-their-grips-on-the-dusi-titles-20230217,29m ago,Sports,"Birkett, Mackenzie tighten their grips on the Dusi titles",Compiled by Craig Taylor,https://cdn.24.co.za/files/Cms/General/d/8362/a3c022dba3874a6292f26c6b35e09b8c.jpg,Andy Birkett (Gallo),
8,https://www.news24.com/sport/Cricket/SA20/biff-praises-temba-for-right-response-to-sa20-snub-reiterates-franchises-selection-autonomy-20230217,3h ago,Sports,"Biff praises Temba for 'right' response to SA20 snub, reiterates franchises' selection autonomy",Heinz Schenk,https://cdn.24.co.za/files/Cms/General/d/8249/51abb1a4ef464b299c73524e140aa18a.jpg,Temba Bavuma. (Photo by SA20/Sportzpics/Gallo Images),
9,https://www.news24.com/sport/Soccer/EnglishPremiership/saudis-join-race-to-buy-manchester-united-report-20230217,2h ago,Sports,Saudis join race to buy Man United as deadline nears - report,AFP,https://cdn.24.co.za/files/Cms/General/d/8249/51abb1a4ef464b299c73524e140aa18a.jpg,Temba Bavuma. (Photo by SA20/Sportzpics/Gallo Images),
10,https://www.news24.com/sport/Cricket/Proteas/proteas-leadership-shake-up-temba-takes-over-test-captaincy-ahead-of-windies-series-20230217,1h ago,Sports,"Proteas shake-up: Bavuma handed Test captaincy, stands down from T20 role as De Zorzi called up",Craig Taylor,https://cdn.24.co.za/files/Cms/General/d/8361/c6a838fdef4649b1833da1c2ac430c99.jpg,Temba Bavuma (Gallo),
11,https://www.news24.com/sport/OtherSport/WaterSport/birkett-mackenzie-tighten-their-grips-on-the-dusi-titles-20230217,29m ago,Sports,"Birkett, Mackenzie tighten their grips on the Dusi titles",Compiled by Craig Taylor,https://cdn.24.co.za/files/Cms/General/d/8362/a3c022dba3874a6292f26c6b35e09b8c.jpg,Andy Birkett (Gallo),
12,https://www.news24.com/sport/Cricket/SA20/biff-praises-temba-for-right-response-to-sa20-snub-reiterates-franchises-selection-autonomy-20230217,3h ago,Sports,"Biff praises Temba for 'right' response to SA20 snub, reiterates franchises' selection autonomy",Heinz Schenk,https://cdn.24.co.za/files/Cms/General/d/8249/51abb1a4ef464b299c73524e140aa18a.jpg,Temba Bavuma. (Photo by SA20/Sportzpics/Gallo Images),
13,https://www.news24.com/sport/Soccer/EnglishPremiership/saudis-join-race-to-buy-manchester-united-report-20230217,2h ago,Sports,Saudis join race to buy Man United as deadline nears - report,AFP,https://cdn.24.co.za/files/Cms/General/d/8249/51abb1a4ef464b299c73524e140aa18a.jpg,Temba Bavuma. (Photo by SA20/Sportzpics/Gallo Images),
14,https://www.news24.com/sport/Rugby/UnitedRugbyChampionship/bok-winger-nkosi-to-start-for-bulls-against-stormers-steyn-set-for-150-game-milestone-20230217,5h ago,Sports,"Bok winger Nkosi to start for Bulls against Stormers, Steyn set for 150-game milestone",Herman Mostert,https://cdn.24.co.za/files/Cms/General/d/7895/c666a4438c4640ae948f4e3bd1b17091.jpeg,Sbu Nkosi. (Johan Rynners/Vodacom Bulls),
15,https://www.news24.com/sport/Cricket/Proteas/proteas-leadership-shake-up-temba-takes-over-test-captaincy-ahead-of-windies-series-20230217,1h ago,Sports,"Proteas shake-up: Bavuma handed Test captaincy, stands down from T20 role as De Zorzi called up",Craig Taylor,https://cdn.24.co.za/files/Cms/General/d/8361/c6a838fdef4649b1833da1c2ac430c99.jpg,Temba Bavuma (Gallo),
16,https://www.news24.com/sport/OtherSport/WaterSport/birkett-mackenzie-tighten-their-grips-on-the-dusi-titles-20230217,29m ago,Sports,"Birkett, Mackenzie tighten their grips on the Dusi titles",Compiled by Craig Taylor,https://cdn.24.co.za/files/Cms/General/d/8362/a3c022dba3874a6292f26c6b35e09b8c.jpg,Andy Birkett (Gallo),
17,https://www.news24.com/sport/Cricket/SA20/biff-praises-temba-for-right-response-to-sa20-snub-reiterates-franchises-selection-autonomy-20230217,3h ago,Sports,"Biff praises Temba for 'right' response to SA20 snub, reiterates franchises' selection autonomy",Heinz Schenk,https://cdn.24.co.za/files/Cms/General/d/8249/51abb1a4ef464b299c73524e140aa18a.jpg,Temba Bavuma. (Photo by SA20/Sportzpics/Gallo Images),
18,https://www.news24.com/sport/Soccer/EnglishPremiership/saudis-join-race-to-buy-manchester-united-report-20230217,2h ago,Sports,Saudis join race to buy Man United as deadline nears - report,AFP,https://cdn.24.co.za/files/Cms/General/d/8249/51abb1a4ef464b299c73524e140aa18a.jpg,Temba Bavuma. (Photo by SA20/Sportzpics/Gallo Images),
19,https://www.news24.com/sport/Rugby/UnitedRugbyChampionship/bok-winger-nkosi-to-start-for-bulls-against-stormers-steyn-set-for-150-game-milestone-20230217,5h ago,Sports,"Bok winger Nkosi to start for Bulls against Stormers, Steyn set for 150-game milestone",Herman Mostert,https://cdn.24.co.za/files/Cms/General/d/7895/c666a4438c4640ae948f4e3bd1b17091.jpeg,Sbu Nkosi. (Johan Rynners/Vodacom Bulls),
20,https://www.news24.com/sport/Rugby/UnitedRugbyChampionship/scarra-starts-for-stormers-against-bulls-as-dobson-keeps-changes-to-a-minimum-20230217,4h ago,Sports,Scarra starts for Stormers against Bulls as Dobson keeps changes to a minimum,Herman Mostert,https://cdn.24.co.za/files/Cms/General/d/8171/2df89e5e201f4b1ea7e46fc18878eff9.jpg,Scarra Ntubeni. (Photo by Ashley Vlotman/Gallo Images),
21,https://www.news24.com/sport/Cricket/Proteas/proteas-leadership-shake-up-temba-takes-over-test-captaincy-ahead-of-windies-series-20230217,1h ago,Sports,"Proteas shake-up: Bavuma handed Test captaincy, stands down from T20 role as De Zorzi called up",Craig Taylor,https://cdn.24.co.za/files/Cms/General/d/8361/c6a838fdef4649b1833da1c2ac430c99.jpg,Temba Bavuma (Gallo),
22,https://www.news24.com/sport/OtherSport/WaterSport/birkett-mackenzie-tighten-their-grips-on-the-dusi-titles-20230217,29m ago,Sports,"Birkett, Mackenzie tighten their grips on the Dusi titles",Compiled by Craig Taylor,https://cdn.24.co.za/files/Cms/General/d/8362/a3c022dba3874a6292f26c6b35e09b8c.jpg,Andy Birkett (Gallo),
23,https://www.news24.com/sport/Cricket/SA20/biff-praises-temba-for-right-response-to-sa20-snub-reiterates-franchises-selection-autonomy-20230217,3h ago,Sports,"Biff praises Temba for 'right' response to SA20 snub, reiterates franchises' selection autonomy",Heinz Schenk,https://cdn.24.co.za/files/Cms/General/d/8249/51abb1a4ef464b299c73524e140aa18a.jpg,Temba Bavuma. (Photo by SA20/Sportzpics/Gallo Images),
24,https://www.news24.com/sport/Soccer/EnglishPremiership/saudis-join-race-to-buy-manchester-united-report-20230217,2h ago,Sports,Saudis join race to buy Man United as deadline nears - report,AFP,https://cdn.24.co.za/files/Cms/General/d/8249/51abb1a4ef464b299c73524e140aa18a.jpg,Temba Bavuma. (Photo by SA20/Sportzpics/Gallo Images),
25,https://www.news24.com/sport/Rugby/UnitedRugbyChampionship/bok-winger-nkosi-to-start-for-bulls-against-stormers-steyn-set-for-150-game-milestone-20230217,5h ago,Sports,"Bok winger Nkosi to start for Bulls against Stormers, Steyn set for 150-game milestone",Herman Mostert,https://cdn.24.co.za/files/Cms/General/d/7895/c666a4438c4640ae948f4e3bd1b17091.jpeg,Sbu Nkosi. (Johan Rynners/Vodacom Bulls),
26,https://www.news24.com/sport/Rugby/UnitedRugbyChampionship/scarra-starts-for-stormers-against-bulls-as-dobson-keeps-changes-to-a-minimum-20230217,4h ago,Sports,Scarra starts for Stormers against Bulls as Dobson keeps changes to a minimum,Herman Mostert,https://cdn.24.co.za/files/Cms/General/d/8171/2df89e5e201f4b1ea7e46fc18878eff9.jpg,Scarra Ntubeni. (Photo by Ashley Vlotman/Gallo Images),
27,https://www.news24.com/sport/Rugby/Sevens/ismaiel-set-to-complete-rare-hat-trick-with-blitzboks-debut-in-la-20230217,3h ago,Sports,Ismaiel set to complete rare hat-trick with Blitzboks debut in LA,Compiled by Lynn Butler,https://cdn.24.co.za/files/Cms/General/d/8359/79fcb56731f549c2a97e92a9317ac514.jpg,Travis Ismaiel,
28,https://www.news24.com/sport/Cricket/Proteas/proteas-leadership-shake-up-temba-takes-over-test-captaincy-ahead-of-windies-series-20230217,1h ago,Sports,"Proteas shake-up: Bavuma handed Test captaincy, stands down from T20 role as De Zorzi called up",Craig Taylor,https://cdn.24.co.za/files/Cms/General/d/8361/c6a838fdef4649b1833da1c2ac430c99.jpg,Temba Bavuma (Gallo),
29,https://www.news24.com/sport/OtherSport/WaterSport/birkett-mackenzie-tighten-their-grips-on-the-dusi-titles-20230217,29m ago,Sports,"Birkett, Mackenzie tighten their grips on the Dusi titles",Compiled by Craig Taylor,https://cdn.24.co.za/files/Cms/General/d/8362/a3c022dba3874a6292f26c6b35e09b8c.jpg,Andy Birkett (Gallo),
30,https://www.news24.com/sport/Cricket/SA20/biff-praises-temba-for-right-response-to-sa20-snub-reiterates-franchises-selection-autonomy-20230217,3h ago,Sports,"Biff praises Temba for 'right' response to SA20 snub, reiterates franchises' selection autonomy",Heinz Schenk,https://cdn.24.co.za/files/Cms/General/d/8249/51abb1a4ef464b299c73524e140aa18a.jpg,Temba Bavuma. (Photo by SA20/Sportzpics/Gallo Images),
31,https://www.news24.com/sport/Soccer/EnglishPremiership/saudis-join-race-to-buy-manchester-united-report-20230217,3h ago,Sports,Saudis join race to buy Man United as deadline nears - report,AFP,https://cdn.24.co.za/files/Cms/General/d/8249/51abb1a4ef464b299c73524e140aa18a.jpg,Temba Bavuma. (Photo by SA20/Sportzpics/Gallo Images),
32,https://www.news24.com/sport/Rugby/UnitedRugbyChampionship/bok-winger-nkosi-to-start-for-bulls-against-stormers-steyn-set-for-150-game-milestone-20230217,5h ago,Sports,"Bok winger Nkosi to start for Bulls against Stormers, Steyn set for 150-game milestone",Herman Mostert,https://cdn.24.co.za/files/Cms/General/d/7895/c666a4438c4640ae948f4e3bd1b17091.jpeg,Sbu Nkosi. (Johan Rynners/Vodacom Bulls),
33,https://www.news24.com/sport/Rugby/UnitedRugbyChampionship/scarra-starts-for-stormers-against-bulls-as-dobson-keeps-changes-to-a-minimum-20230217,4h ago,Sports,Scarra starts for Stormers against Bulls as Dobson keeps changes to a minimum,Herman Mostert,https://cdn.24.co.za/files/Cms/General/d/8171/2df89e5e201f4b1ea7e46fc18878eff9.jpg,Scarra Ntubeni. (Photo by Ashley Vlotman/Gallo Images),
34,https://www.news24.com/sport/Rugby/Sevens/ismaiel-set-to-complete-rare-hat-trick-with-blitzboks-debut-in-la-20230217,3h ago,Sports,Ismaiel set to complete rare hat-trick with Blitzboks debut in LA,Compiled by Lynn Butler,https://cdn.24.co.za/files/Cms/General/d/8359/79fcb56731f549c2a97e92a9317ac514.jpg,Travis Ismaiel,
35,https://www.news24.com/sport/Cricket/khawaja-handscomb-lead-australia-fight-in-2nd-india-test-20230217,2h ago,Sports,"Khawaja, Handscomb lead Australia fight in 2nd India Test",AFP,https://cdn.24.co.za/files/Cms/General/d/8359/4ab3ad8452da4592bd0c87babd9463f2.jpg,Peter Handscomb. (Photo by Pankaj Nangia/Getty Images),
36,https://www.news24.com/sport/Cricket/Proteas/proteas-leadership-shake-up-temba-takes-over-test-captaincy-ahead-of-windies-series-20230217,1h ago,Sports,"Proteas shake-up: Bavuma handed Test captaincy, stands down from T20 role as De Zorzi called up",Craig Taylor,https://cdn.24.co.za/files/Cms/General/d/8361/c6a838fdef4649b1833da1c2ac430c99.jpg,Temba Bavuma (Gallo),
37,https://www.news24.com/sport/OtherSport/WaterSport/birkett-mackenzie-tighten-their-grips-on-the-dusi-titles-20230217,29m ago,Sports,"Birkett, Mackenzie tighten their grips on the Dusi titles",Compiled by Craig Taylor,https://cdn.24.co.za/files/Cms/General/d/8362/a3c022dba3874a6292f26c6b35e09b8c.jpg,Andy Birkett (Gallo),
38,https://www.news24.com/sport/Cricket/SA20/biff-praises-temba-for-right-response-to-sa20-snub-reiterates-franchises-selection-autonomy-20230217,3h ago,Sports,"Biff praises Temba for 'right' response to SA20 snub, reiterates franchises' selection autonomy",Heinz Schenk,https://cdn.24.co.za/files/Cms/General/d/8249/51abb1a4ef464b299c73524e140aa18a.jpg,Temba Bavuma. (Photo by SA20/Sportzpics/Gallo Images),
39,https://www.news24.com/sport/Soccer/EnglishPremiership/saudis-join-race-to-buy-manchester-united-report-20230217,3h ago,Sports,Saudis join race to buy Man United as deadline nears - report,AFP,https://cdn.24.co.za/files/Cms/General/d/8249/51abb1a4ef464b299c73524e140aa18a.jpg,Temba Bavuma. (Photo by SA20/Sportzpics/Gallo Images),
40,https://www.news24.com/sport/Rugby/UnitedRugbyChampionship/bok-winger-nkosi-to-start-for-bulls-against-stormers-steyn-set-for-150-game-milestone-20230217,5h ago,Sports,"Bok winger Nkosi to start for Bulls against Stormers, Steyn set for 150-game milestone",Herman Mostert,https://cdn.24.co.za/files/Cms/General/d/7895/c666a4438c4640ae948f4e3bd1b17091.jpeg,Sbu Nkosi. (Johan Rynners/Vodacom Bulls),
41,https://www.news24.com/sport/Rugby/UnitedRugbyChampionship/scarra-starts-for-stormers-against-bulls-as-dobson-keeps-changes-to-a-minimum-20230217,4h ago,Sports,Scarra starts for Stormers against Bulls as Dobson keeps changes to a minimum,Herman Mostert,https://cdn.24.co.za/files/Cms/General/d/8171/2df89e5e201f4b1ea7e46fc18878eff9.jpg,Scarra Ntubeni. (Photo by Ashley Vlotman/Gallo Images),
42,https://www.news24.com/sport/Rugby/Sevens/ismaiel-set-to-complete-rare-hat-trick-with-blitzboks-debut-in-la-20230217,3h ago,Sports,Ismaiel set to complete rare hat-trick with Blitzboks debut in LA,Compiled by Lynn Butler,https://cdn.24.co.za/files/Cms/General/d/8359/79fcb56731f549c2a97e92a9317ac514.jpg,Travis Ismaiel,
43,https://www.news24.com/sport/Cricket/khawaja-handscomb-lead-australia-fight-in-2nd-india-test-20230217,2h ago,Sports,"Khawaja, Handscomb lead Australia fight in 2nd India Test",AFP,https://cdn.24.co.za/files/Cms/General/d/8359/4ab3ad8452da4592bd0c87babd9463f2.jpg,Peter Handscomb. (Photo by Pankaj Nangia/Getty Images),
44,https://www.news24.com/sport/Golf/watch-tiger-woods-thrills-with-riviera-finish-i-was-able-to-fight-back-20230217,6h ago,Sports,WATCH | Tiger Woods thrills with Riviera finish: 'I was able to fight back',Compiled by Lynn Butler,https://cdn.24.co.za/files/Cms/General/d/8066/b7720b2587d74404a70ea7c07363c794.jpg,American golfer Tiger Woods,
45,https://www.news24.com/sport/Cricket/Proteas/proteas-leadership-shake-up-temba-takes-over-test-captaincy-ahead-of-windies-series-20230217,1h ago,Sports,"Proteas shake-up: Bavuma handed Test captaincy, stands down from T20 role as De Zorzi called up",Craig Taylor,https://cdn.24.co.za/files/Cms/General/d/8361/c6a838fdef4649b1833da1c2ac430c99.jpg,Temba Bavuma (Gallo),
46,https://www.news24.com/sport/OtherSport/WaterSport/birkett-mackenzie-tighten-their-grips-on-the-dusi-titles-20230217,29m ago,Sports,"Birkett, Mackenzie tighten their grips on the Dusi titles",Compiled by Craig Taylor,https://cdn.24.co.za/files/Cms/General/d/8362/a3c022dba3874a6292f26c6b35e09b8c.jpg,Andy Birkett (Gallo),
47,https://www.news24.com/sport/Cricket/SA20/biff-praises-temba-for-right-response-to-sa20-snub-reiterates-franchises-selection-autonomy-20230217,3h ago,Sports,"Biff praises Temba for 'right' response to SA20 snub, reiterates franchises' selection autonomy",Heinz Schenk,https://cdn.24.co.za/files/Cms/General/d/8249/51abb1a4ef464b299c73524e140aa18a.jpg,Temba Bavuma. (Photo by SA20/Sportzpics/Gallo Images),
48,https://www.news24.com/sport/Soccer/EnglishPremiership/saudis-join-race-to-buy-manchester-united-report-20230217,3h ago,Sports,Saudis join race to buy Man United as deadline nears - report,AFP,https://cdn.24.co.za/files/Cms/General/d/8249/51abb1a4ef464b299c73524e140aa18a.jpg,Temba Bavuma. (Photo by SA20/Sportzpics/Gallo Images),
49,https://www.news24.com/sport/Rugby/UnitedRugbyChampionship/bok-winger-nkosi-to-start-for-bulls-against-stormers-steyn-set-for-150-game-milestone-20230217,5h ago,Sports,"Bok winger Nkosi to start for Bulls against Stormers, Steyn set for 150-game milestone",Herman Mostert,https://cdn.24.co.za/files/Cms/General/d/7895/c666a4438c4640ae948f4e3bd1b17091.jpeg,Sbu Nkosi. (Johan Rynners/Vodacom Bulls),
50,https://www.news24.com/sport/Rugby/UnitedRugbyChampionship/scarra-starts-for-stormers-against-bulls-as-dobson-keeps-changes-to-a-minimum-20230217,4h ago,Sports,Scarra starts for Stormers against Bulls as Dobson keeps changes to a minimum,Herman Mostert,https://cdn.24.co.za/files/Cms/General/d/8171/2df89e5e201f4b1ea7e46fc18878eff9.jpg,Scarra Ntubeni. (Photo by Ashley Vlotman/Gallo Images),
51,https://www.news24.com/sport/Rugby/Sevens/ismaiel-set-to-complete-rare-hat-trick-with-blitzboks-debut-in-la-20230217,3h ago,Sports,Ismaiel set to complete rare hat-trick with Blitzboks debut in LA,Compiled by Lynn Butler,https://cdn.24.co.za/files/Cms/General/d/8359/79fcb56731f549c2a97e92a9317ac514.jpg,Travis Ismaiel,
52,https://www.news24.com/sport/Cricket/khawaja-handscomb-lead-australia-fight-in-2nd-india-test-20230217,2h ago,Sports,"Khawaja, Handscomb lead Australia fight in 2nd India Test",AFP,https://cdn.24.co.za/files/Cms/General/d/8359/4ab3ad8452da4592bd0c87babd9463f2.jpg,Peter Handscomb. (Photo by Pankaj Nangia/Getty Images),
53,https://www.news24.com/sport/Golf/watch-tiger-woods-thrills-with-riviera-finish-i-was-able-to-fight-back-20230217,6h ago,Sports,WATCH | Tiger Woods thrills with Riviera finish: 'I was able to fight back',Compiled by Lynn Butler,https://cdn.24.co.za/files/Cms/General/d/8066/b7720b2587d74404a70ea7c07363c794.jpg,American golfer Tiger Woods,
54,https://www.news24.com/sport/Rugby/UnitedRugbyChampionship/lions-show-their-cards-for-sharks-derby-lombard-at-no-10-speedster-maxwane-back-from-injury-20230217,6h ago,Sports,"Lions show their cards for Sharks derby: Lombard at No 10, speedster Maxwane back from injury",Herman Mostert,https://cdn.24.co.za/files/Cms/General/d/11613/c0f12245860f4045bdea037bc62326c7.jpg,Rabz Maxwane. (Photo by Frikkie Kapp/Gallo Images),
55,https://www.news24.com/sport/Cricket/Proteas/proteas-leadership-shake-up-temba-takes-over-test-captaincy-ahead-of-windies-series-20230217,1h ago,Sports,"Proteas shake-up: Bavuma handed Test captaincy, stands down from T20 role as De Zorzi called up",Craig Taylor,https://cdn.24.co.za/files/Cms/General/d/8361/c6a838fdef4649b1833da1c2ac430c99.jpg,Temba Bavuma (Gallo),
56,https://www.news24.com/sport/OtherSport/WaterSport/birkett-mackenzie-tighten-their-grips-on-the-dusi-titles-20230217,31m ago,Sports,"Birkett, Mackenzie tighten their grips on the Dusi titles",Compiled by Craig Taylor,https://cdn.24.co.za/files/Cms/General/d/8362/a3c022dba3874a6292f26c6b35e09b8c.jpg,Andy Birkett (Gallo),
57,https://www.news24.com/sport/Cricket/SA20/biff-praises-temba-for-right-response-to-sa20-snub-reiterates-franchises-selection-autonomy-20230217,3h ago,Sports,"Biff praises Temba for 'right' response to SA20 snub, reiterates franchises' selection autonomy",Heinz Schenk,https://cdn.24.co.za/files/Cms/General/d/8249/51abb1a4ef464b299c73524e140aa18a.jpg,Temba Bavuma. (Photo by SA20/Sportzpics/Gallo Images),
58,https://www.news24.com/sport/Soccer/EnglishPremiership/saudis-join-race-to-buy-manchester-united-report-20230217,3h ago,Sports,Saudis join race to buy Man United as deadline nears - report,AFP,https://cdn.24.co.za/files/Cms/General/d/8249/51abb1a4ef464b299c73524e140aa18a.jpg,Temba Bavuma. (Photo by SA20/Sportzpics/Gallo Images),
59,https://www.news24.com/sport/Rugby/UnitedRugbyChampionship/bok-winger-nkosi-to-start-for-bulls-against-stormers-steyn-set-for-150-game-milestone-20230217,5h ago,Sports,"Bok winger Nkosi to start for Bulls against Stormers, Steyn set for 150-game milestone",Herman Mostert,https://cdn.24.co.za/files/Cms/General/d/7895/c666a4438c4640ae948f4e3bd1b17091.jpeg,Sbu Nkosi. (Johan Rynners/Vodacom Bulls),
60,https://www.news24.com/sport/Rugby/UnitedRugbyChampionship/scarra-starts-for-stormers-against-bulls-as-dobson-keeps-changes-to-a-minimum-20230217,4h ago,Sports,Scarra starts for Stormers against Bulls as Dobson keeps changes to a minimum,Herman Mostert,https://cdn.24.co.za/files/Cms/General/d/8171/2df89e5e201f4b1ea7e46fc18878eff9.jpg,Scarra Ntubeni. (Photo by Ashley Vlotman/Gallo Images),
61,https://www.news24.com/sport/Rugby/Sevens/ismaiel-set-to-complete-rare-hat-trick-with-blitzboks-debut-in-la-20230217,3h ago,Sports,Ismaiel set to complete rare hat-trick with Blitzboks debut in LA,Compiled by Lynn Butler,https://cdn.24.co.za/files/Cms/General/d/8359/79fcb56731f549c2a97e92a9317ac514.jpg,Travis Ismaiel,
62,https://www.news24.com/sport/Cricket/khawaja-handscomb-lead-australia-fight-in-2nd-india-test-20230217,2h ago,Sports,"Khawaja, Handscomb lead Australia fight in 2nd India Test",AFP,https://cdn.24.co.za/files/Cms/General/d/8359/4ab3ad8452da4592bd0c87babd9463f2.jpg,Peter Handscomb. (Photo by Pankaj Nangia/Getty Images),
63,https://www.news24.com/sport/Golf/watch-tiger-woods-thrills-with-riviera-finish-i-was-able-to-fight-back-20230217,6h ago,Sports,WATCH | Tiger Woods thrills with Riviera finish: 'I was able to fight back',Compiled by Lynn Butler,https://cdn.24.co.za/files/Cms/General/d/8066/b7720b2587d74404a70ea7c07363c794.jpg,American golfer Tiger Woods,
64,https://www.news24.com/sport/Rugby/UnitedRugbyChampionship/lions-show-their-cards-for-sharks-derby-lombard-at-no-10-speedster-maxwane-back-from-injury-20230217,6h ago,Sports,"Lions show their cards for Sharks derby: Lombard at No 10, speedster Maxwane back from injury",Herman Mostert,https://cdn.24.co.za/files/Cms/General/d/11613/c0f12245860f4045bdea037bc62326c7.jpg,Rabz Maxwane. (Photo by Frikkie Kapp/Gallo Images),
65,https://www.news24.com/sport/Rugby/UnitedRugbyChampionship/powell-suggests-tug-of-war-between-sharks-and-stormers-for-fassi-is-indeed-brewing-20230217,8h ago,Sports,Powell suggests tug-of-war between Sharks and Stormers for Fassi is indeed brewing,Heinz Schenk,https://cdn.24.co.za/files/Cms/General/d/8355/98c84fc341d74532b346e5c6ee44b11a.jpg,Aphelele Fassi. (Photo by  Steve Haag/Gallo Images),
66,https://www.news24.com/sport/Cricket/Proteas/proteas-leadership-shake-up-temba-takes-over-test-captaincy-ahead-of-windies-series-20230217,1h ago,Sports,"Proteas shake-up: Bavuma handed Test captaincy, stands down from T20 role as De Zorzi called up",Craig Taylor,https://cdn.24.co.za/files/Cms/General/d/8361/c6a838fdef4649b1833da1c2ac430c99.jpg,Temba Bavuma (Gallo),
67,https://www.news24.com/sport/OtherSport/WaterSport/birkett-mackenzie-tighten-their-grips-on-the-dusi-titles-20230217,31m ago,Sports,"Birkett, Mackenzie tighten their grips on the Dusi titles",Compiled by Craig Taylor,https://cdn.24.co.za/files/Cms/General/d/8362/a3c022dba3874a6292f26c6b35e09b8c.jpg,Andy Birkett (Gallo),
68,https://www.news24.com/sport/Cricket/SA20/biff-praises-temba-for-right-response-to-sa20-snub-reiterates-franchises-selection-autonomy-20230217,3h ago,Sports,"Biff praises Temba for 'right' response to SA20 snub, reiterates franchises' selection autonomy",Heinz Schenk,https://cdn.24.co.za/files/Cms/General/d/8249/51abb1a4ef464b299c73524e140aa18a.jpg,Temba Bavuma. (Photo by SA20/Sportzpics/Gallo Images),
69,https://www.news24.com/sport/Soccer/EnglishPremiership/saudis-join-race-to-buy-manchester-united-report-20230217,3h ago,Sports,Saudis join race to buy Man United as deadline nears - report,AFP,https://cdn.24.co.za/files/Cms/General/d/8249/51abb1a4ef464b299c73524e140aa18a.jpg,Temba Bavuma. (Photo by SA20/Sportzpics/Gallo Images),
70,https://www.news24.com/sport/Rugby/UnitedRugbyChampionship/bok-winger-nkosi-to-start-for-bulls-against-stormers-steyn-set-for-150-game-milestone-20230217,5h ago,Sports,"Bok winger Nkosi to start for Bulls against Stormers, Steyn set for 150-game milestone",Herman Mostert,https://cdn.24.co.za/files/Cms/General/d/7895/c666a4438c4640ae948f4e3bd1b17091.jpeg,Sbu Nkosi. (Johan Rynners/Vodacom Bulls),
71,https://www.news24.com/sport/Rugby/UnitedRugbyChampionship/scarra-starts-for-stormers-against-bulls-as-dobson-keeps-changes-to-a-minimum-20230217,4h ago,Sports,Scarra starts for Stormers against Bulls as Dobson keeps changes to a minimum,Herman Mostert,https://cdn.24.co.za/files/Cms/General/d/8171/2df89e5e201f4b1ea7e46fc18878eff9.jpg,Scarra Ntubeni. (Photo by Ashley Vlotman/Gallo Images),
72,https://www.news24.com/sport/Rugby/Sevens/ismaiel-set-to-complete-rare-hat-trick-with-blitzboks-debut-in-la-20230217,3h ago,Sports,Ismaiel set to complete rare hat-trick with Blitzboks debut in LA,Compiled by Lynn Butler,https://cdn.24.co.za/files/Cms/General/d/8359/79fcb56731f549c2a97e92a9317ac514.jpg,Travis Ismaiel,
73,https://www.news24.com/sport/Cricket/khawaja-handscomb-lead-australia-fight-in-2nd-india-test-20230217,2h ago,Sports,"Khawaja, Handscomb lead Australia fight in 2nd India Test",AFP,https://cdn.24.co.za/files/Cms/General/d/8359/4ab3ad8452da4592bd0c87babd9463f2.jpg,Peter Handscomb. (Photo by Pankaj Nangia/Getty Images),
74,https://www.news24.com/sport/Golf/watch-tiger-woods-thrills-with-riviera-finish-i-was-able-to-fight-back-20230217,6h ago,Sports,WATCH | Tiger Woods thrills with Riviera finish: 'I was able to fight back',Compiled by Lynn Butler,https://cdn.24.co.za/files/Cms/General/d/8066/b7720b2587d74404a70ea7c07363c794.jpg,American golfer Tiger Woods,
75,https://www.news24.com/sport/Rugby/UnitedRugbyChampionship/lions-show-their-cards-for-sharks-derby-lombard-at-no-10-speedster-maxwane-back-from-injury-20230217,6h ago,Sports,"Lions show their cards for Sharks derby: Lombard at No 10, speedster Maxwane back from injury",Herman Mostert,https://cdn.24.co.za/files/Cms/General/d/11613/c0f12245860f4045bdea037bc62326c7.jpg,Rabz Maxwane. (Photo by Frikkie Kapp/Gallo Images),
76,https://www.news24.com/sport/Rugby/UnitedRugbyChampionship/powell-suggests-tug-of-war-between-sharks-and-stormers-for-fassi-is-indeed-brewing-20230217,8h ago,Sports,Powell suggests tug-of-war between Sharks and Stormers for Fassi is indeed brewing,Heinz Schenk,https://cdn.24.co.za/files/Cms/General/d/8355/98c84fc341d74532b346e5c6ee44b11a.jpg,Aphelele Fassi. (Photo by  Steve Haag/Gallo Images),
77,https://www.news24.com/sport/Cricket/blundell-leads-new-zealand-fightback-in-england-first-test-20230217,5h ago,Sports,Blundell leads New Zealand fightback in England first Test,AFP,https://cdn.24.co.za/files/Cms/General/d/8075/146bef46479549bea4424864e6f3106e.jpg,Tom Blundell. (Photo by Phil Walter/Getty Images),
78,https://www.news24.com/sport/Cricket/Proteas/proteas-leadership-shake-up-temba-takes-over-test-captaincy-ahead-of-windies-series-20230217,1h ago,Sports,"Proteas shake-up: Bavuma handed Test captaincy, stands down from T20 role as De Zorzi called up",Craig Taylor,https://cdn.24.co.za/files/Cms/General/d/8361/c6a838fdef4649b1833da1c2ac430c99.jpg,Temba Bavuma (Gallo),
79,https://www.news24.com/sport/OtherSport/WaterSport/birkett-mackenzie-tighten-their-grips-on-the-dusi-titles-20230217,31m ago,Sports,"Birkett, Mackenzie tighten their grips on the Dusi titles",Compiled by Craig Taylor,https://cdn.24.co.za/files/Cms/General/d/8362/a3c022dba3874a6292f26c6b35e09b8c.jpg,Andy Birkett (Gallo),
80,https://www.news24.com/fin24/Companies/ICT/apple-halts-product-sales-in-russia-removes-rt-news-app-20220302,02-Mar-22,Tech,"Apple halts product sales in Russia, removes RT News app from store",Mark Gurman,https://cdn.24.co.za/files/Cms/General/d/8819/5f853b8e79444df2b857e6f5abd50855.jpg,Apple's store and logo (Photo by Miguel Candela/SOPA Images/LightRocket via Getty Images),"This isn’t the first time Apple has cut off a country. Apple stopped sales briefly in Turkey last year because of economic turmoil and currency fluctuation. But it’s a rare step by the world’s most valuable company and will further isolate a nation of about 145 million people.Apple shares dipped to session lows following news of the move, before recouping some of the losses. The stock fell 1.2% for the day, closing at $163.20.The Cupertino, California-based company also began limiting its Apple Pay service and other online offerings in Russia during recent days. The shuttered online store sold iPhones, Macs, iPads, AirPods and other products directly to consumers. In recent months, the company also registered a business office in Russia and this month posted job listings for about half-a-dozen positions in Moscow. Nike, another iconic U.S. brand, halted sales in Russia as well, saying Tuesday that it ""cannot guarantee delivery of goods to customers."" HP Inc, the largest supplier of personal computers to Russia, also stopped exports to the country this week. Russia launched a full-scale invasion of Ukraine last week, attacking from the north, east and south of the country. Russian troops have shelled Ukrainian cities, aiming to seize the capital, Kyiv.Apple said it will continue to evaluate the situation and that it is in communication with governments on the actions that it’s taking. “We join all those around the world who are calling for peace,” the company said.Chief Executive Officer Tim Cook expressed his concern last week about the “situation in Ukraine,” without naming Russia. “I am thinking of the people who are right now in harm’s way and joining all those calling for peace,” he tweeted."
81,https://www.news24.com/fin24/Companies/ICT/apple-halts-product-sales-in-russia-removes-rt-news-app-20220302,02-Mar-22,Tech,"Apple halts product sales in Russia, removes RT News app from store",Mark Gurman,https://cdn.24.co.za/files/Cms/General/d/8819/5f853b8e79444df2b857e6f5abd50855.jpg,Apple's store and logo (Photo by Miguel Candela/SOPA Images/LightRocket via Getty Images),"This isn’t the first time Apple has cut off a country. Apple stopped sales briefly in Turkey last year because of economic turmoil and currency fluctuation. But it’s a rare step by the world’s most valuable company and will further isolate a nation of about 145 million people.Apple shares dipped to session lows following news of the move, before recouping some of the losses. The stock fell 1.2% for the day, closing at $163.20.The Cupertino, California-based company also began limiting its Apple Pay service and other online offerings in Russia during recent days. The shuttered online store sold iPhones, Macs, iPads, AirPods and other products directly to consumers. In recent months, the company also registered a business office in Russia and this month posted job listings for about half-a-dozen positions in Moscow. Nike, another iconic U.S. brand, halted sales in Russia as well, saying Tuesday that it ""cannot guarantee delivery of goods to customers."" HP Inc, the largest supplier of personal computers to Russia, also stopped exports to the country this week. Russia launched a full-scale invasion of Ukraine last week, attacking from the north, east and south of the country. Russian troops have shelled Ukrainian cities, aiming to seize the capital, Kyiv.Apple said it will continue to evaluate the situation and that it is in communication with governments on the actions that it’s taking. “We join all those around the world who are calling for peace,” the company said.Chief Executive Officer Tim Cook expressed his concern last week about the “situation in Ukraine,” without naming Russia. “I am thinking of the people who are right now in harm’s way and joining all those calling for peace,” he tweeted."
82,https://www.news24.com/fin24/Companies/ICT/google-temporarily-disables-google-maps-live-traffic-data-in-ukraine-20220228,28-Feb-22,Tech,Google temporarily disables Google Maps live traffic data in Ukraine,,https://cdn.24.co.za/files/Cms/General/d/9933/4e8a8759c202453db189145cfe4dd6d2.jpg,Alphabet Inc's Google confirmed on Sunday it has temporarily disabled for Ukraine some Google Maps tools which provide live information about traffic conditions and how busy different places are. Photo Illustration by Omar Marques/SOPA Images/LightRocket via Getty Images,
83,https://www.news24.com/fin24/Companies/ICT/apple-halts-product-sales-in-russia-removes-rt-news-app-20220302,02-Mar-22,Tech,"Apple halts product sales in Russia, removes RT News app from store",Mark Gurman,https://cdn.24.co.za/files/Cms/General/d/8819/5f853b8e79444df2b857e6f5abd50855.jpg,Apple's store and logo (Photo by Miguel Candela/SOPA Images/LightRocket via Getty Images),"This isn’t the first time Apple has cut off a country. Apple stopped sales briefly in Turkey last year because of economic turmoil and currency fluctuation. But it’s a rare step by the world’s most valuable company and will further isolate a nation of about 145 million people.Apple shares dipped to session lows following news of the move, before recouping some of the losses. The stock fell 1.2% for the day, closing at $163.20.The Cupertino, California-based company also began limiting its Apple Pay service and other online offerings in Russia during recent days. The shuttered online store sold iPhones, Macs, iPads, AirPods and other products directly to consumers. In recent months, the company also registered a business office in Russia and this month posted job listings for about half-a-dozen positions in Moscow. Nike, another iconic U.S. brand, halted sales in Russia as well, saying Tuesday that it ""cannot guarantee delivery of goods to customers."" HP Inc, the largest supplier of personal computers to Russia, also stopped exports to the country this week. Russia launched a full-scale invasion of Ukraine last week, attacking from the north, east and south of the country. Russian troops have shelled Ukrainian cities, aiming to seize the capital, Kyiv.Apple said it will continue to evaluate the situation and that it is in communication with governments on the actions that it’s taking. “We join all those around the world who are calling for peace,” the company said.Chief Executive Officer Tim Cook expressed his concern last week about the “situation in Ukraine,” without naming Russia. “I am thinking of the people who are right now in harm’s way and joining all those calling for peace,” he tweeted."
84,https://www.news24.com/fin24/Companies/ICT/google-temporarily-disables-google-maps-live-traffic-data-in-ukraine-20220228,28-Feb-22,Tech,Google temporarily disables Google Maps live traffic data in Ukraine,,https://cdn.24.co.za/files/Cms/General/d/9933/4e8a8759c202453db189145cfe4dd6d2.jpg,Alphabet Inc's Google confirmed on Sunday it has temporarily disabled for Ukraine some Google Maps tools which provide live information about traffic conditions and how busy different places are. Photo Illustration by Omar Marques/SOPA Images/LightRocket via Getty Images,
85,https://www.news24.com/fin24/Companies/ICT/facebook-shuts-down-pro-russian-network-ukraine-account-hijacks-20220228,28-Feb-22,Tech,"Facebook shuts down pro-Russian network, Ukraine account hijacks",Vlad Savov,https://cdn.24.co.za/files/Cms/General/d/9058/82201968bcf44fde912124a36a1e1bc3.jpg,"Facebook found and disabled a disinformation network that operated accounts, groups and pages targeting Ukraine across its social networks (Photo Illustration by Rafael Henrique/SOPA Images/LightRocket via Getty Images)",
86,https://www.news24.com/fin24/Companies/ICT/apple-halts-product-sales-in-russia-removes-rt-news-app-20220302,02-Mar-22,Tech,"Apple halts product sales in Russia, removes RT News app from store",Mark Gurman,https://cdn.24.co.za/files/Cms/General/d/8819/5f853b8e79444df2b857e6f5abd50855.jpg,Apple's store and logo (Photo by Miguel Candela/SOPA Images/LightRocket via Getty Images),"This isn’t the first time Apple has cut off a country. Apple stopped sales briefly in Turkey last year because of economic turmoil and currency fluctuation. But it’s a rare step by the world’s most valuable company and will further isolate a nation of about 145 million people.Apple shares dipped to session lows following news of the move, before recouping some of the losses. The stock fell 1.2% for the day, closing at $163.20.The Cupertino, California-based company also began limiting its Apple Pay service and other online offerings in Russia during recent days. The shuttered online store sold iPhones, Macs, iPads, AirPods and other products directly to consumers. In recent months, the company also registered a business office in Russia and this month posted job listings for about half-a-dozen positions in Moscow. Nike, another iconic U.S. brand, halted sales in Russia as well, saying Tuesday that it ""cannot guarantee delivery of goods to customers."" HP Inc, the largest supplier of personal computers to Russia, also stopped exports to the country this week. Russia launched a full-scale invasion of Ukraine last week, attacking from the north, east and south of the country. Russian troops have shelled Ukrainian cities, aiming to seize the capital, Kyiv.Apple said it will continue to evaluate the situation and that it is in communication with governments on the actions that it’s taking. “We join all those around the world who are calling for peace,” the company said.Chief Executive Officer Tim Cook expressed his concern last week about the “situation in Ukraine,” without naming Russia. “I am thinking of the people who are right now in harm’s way and joining all those calling for peace,” he tweeted."
87,https://www.news24.com/fin24/Companies/ICT/google-temporarily-disables-google-maps-live-traffic-data-in-ukraine-20220228,28-Feb-22,Tech,Google temporarily disables Google Maps live traffic data in Ukraine,,https://cdn.24.co.za/files/Cms/General/d/9933/4e8a8759c202453db189145cfe4dd6d2.jpg,Alphabet Inc's Google confirmed on Sunday it has temporarily disabled for Ukraine some Google Maps tools which provide live information about traffic conditions and how busy different places are. Photo Illustration by Omar Marques/SOPA Images/LightRocket via Getty Images,
88,https://www.news24.com/fin24/Companies/ICT/facebook-shuts-down-pro-russian-network-ukraine-account-hijacks-20220228,28-Feb-22,Tech,"Facebook shuts down pro-Russian network, Ukraine account hijacks",Vlad Savov,https://cdn.24.co.za/files/Cms/General/d/9058/82201968bcf44fde912124a36a1e1bc3.jpg,"Facebook found and disabled a disinformation network that operated accounts, groups and pages targeting Ukraine across its social networks (Photo Illustration by Rafael Henrique/SOPA Images/LightRocket via Getty Images)",
89,https://www.news24.com/fin24/Companies/ICT/apple-halts-product-sales-in-russia-removes-rt-news-app-20220302,02-Mar-22,Tech,"Apple halts product sales in Russia, removes RT News app from store",Mark Gurman,https://cdn.24.co.za/files/Cms/General/d/8819/5f853b8e79444df2b857e6f5abd50855.jpg,Apple's store and logo (Photo by Miguel Candela/SOPA Images/LightRocket via Getty Images),"This isn’t the first time Apple has cut off a country. Apple stopped sales briefly in Turkey last year because of economic turmoil and currency fluctuation. But it’s a rare step by the world’s most valuable company and will further isolate a nation of about 145 million people.Apple shares dipped to session lows following news of the move, before recouping some of the losses. The stock fell 1.2% for the day, closing at $163.20.The Cupertino, California-based company also began limiting its Apple Pay service and other online offerings in Russia during recent days. The shuttered online store sold iPhones, Macs, iPads, AirPods and other products directly to consumers. In recent months, the company also registered a business office in Russia and this month posted job listings for about half-a-dozen positions in Moscow. Nike, another iconic U.S. brand, halted sales in Russia as well, saying Tuesday that it ""cannot guarantee delivery of goods to customers."" HP Inc, the largest supplier of personal computers to Russia, also stopped exports to the country this week. Russia launched a full-scale invasion of Ukraine last week, attacking from the north, east and south of the country. Russian troops have shelled Ukrainian cities, aiming to seize the capital, Kyiv.Apple said it will continue to evaluate the situation and that it is in communication with governments on the actions that it’s taking. “We join all those around the world who are calling for peace,” the company said.Chief Executive Officer Tim Cook expressed his concern last week about the “situation in Ukraine,” without naming Russia. “I am thinking of the people who are right now in harm’s way and joining all those calling for peace,” he tweeted."
90,https://www.news24.com/fin24/Companies/ICT/apple-halts-product-sales-in-russia-removes-rt-news-app-20220302,02-Mar-22,Tech,"Apple halts product sales in Russia, removes RT News app from store",Mark Gurman,https://cdn.24.co.za/files/Cms/General/d/8819/5f853b8e79444df2b857e6f5abd50855.jpg,Apple's store and logo (Photo by Miguel Candela/SOPA Images/LightRocket via Getty Images),"This isn’t the first time Apple has cut off a country. Apple stopped sales briefly in Turkey last year because of economic turmoil and currency fluctuation. But it’s a rare step by the world’s most valuable company and will further isolate a nation of about 145 million people.Apple shares dipped to session lows following news of the move, before recouping some of the losses. The stock fell 1.2% for the day, closing at $163.20.The Cupertino, California-based company also began limiting its Apple Pay service and other online offerings in Russia during recent days. The shuttered online store sold iPhones, Macs, iPads, AirPods and other products directly to consumers. In recent months, the company also registered a business office in Russia and this month posted job listings for about half-a-dozen positions in Moscow. Nike, another iconic U.S. brand, halted sales in Russia as well, saying Tuesday that it ""cannot guarantee delivery of goods to customers."" HP Inc, the largest supplier of personal computers to Russia, also stopped exports to the country this week. Russia launched a full-scale invasion of Ukraine last week, attacking from the north, east and south of the country. Russian troops have shelled Ukrainian cities, aiming to seize the capital, Kyiv.Apple said it will continue to evaluate the situation and that it is in communication with governments on the actions that it’s taking. “We join all those around the world who are calling for peace,” the company said.Chief Executive Officer Tim Cook expressed his concern last week about the “situation in Ukraine,” without naming Russia. “I am thinking of the people who are right now in harm’s way and joining all those calling for peace,” he tweeted."
91,https://www.news24.com/fin24/Companies/ICT/google-temporarily-disables-google-maps-live-traffic-data-in-ukraine-20220228,28-Feb-22,Tech,Google temporarily disables Google Maps live traffic data in Ukraine,,https://cdn.24.co.za/files/Cms/General/d/9933/4e8a8759c202453db189145cfe4dd6d2.jpg,Alphabet Inc's Google confirmed on Sunday it has temporarily disabled for Ukraine some Google Maps tools which provide live information about traffic conditions and how busy different places are. Photo Illustration by Omar Marques/SOPA Images/LightRocket via Getty Images,
92,https://www.news24.com/fin24/Companies/ICT/apple-halts-product-sales-in-russia-removes-rt-news-app-20220302,02-Mar-22,Tech,"Apple halts product sales in Russia, removes RT News app from store",Mark Gurman,https://cdn.24.co.za/files/Cms/General/d/8819/5f853b8e79444df2b857e6f5abd50855.jpg,Apple's store and logo (Photo by Miguel Candela/SOPA Images/LightRocket via Getty Images),"This isn’t the first time Apple has cut off a country. Apple stopped sales briefly in Turkey last year because of economic turmoil and currency fluctuation. But it’s a rare step by the world’s most valuable company and will further isolate a nation of about 145 million people.Apple shares dipped to session lows following news of the move, before recouping some of the losses. The stock fell 1.2% for the day, closing at $163.20.The Cupertino, California-based company also began limiting its Apple Pay service and other online offerings in Russia during recent days. The shuttered online store sold iPhones, Macs, iPads, AirPods and other products directly to consumers. In recent months, the company also registered a business office in Russia and this month posted job listings for about half-a-dozen positions in Moscow. Nike, another iconic U.S. brand, halted sales in Russia as well, saying Tuesday that it ""cannot guarantee delivery of goods to customers."" HP Inc, the largest supplier of personal computers to Russia, also stopped exports to the country this week. Russia launched a full-scale invasion of Ukraine last week, attacking from the north, east and south of the country. Russian troops have shelled Ukrainian cities, aiming to seize the capital, Kyiv.Apple said it will continue to evaluate the situation and that it is in communication with governments on the actions that it’s taking. “We join all those around the world who are calling for peace,” the company said.Chief Executive Officer Tim Cook expressed his concern last week about the “situation in Ukraine,” without naming Russia. “I am thinking of the people who are right now in harm’s way and joining all those calling for peace,” he tweeted."
93,https://www.news24.com/fin24/Companies/ICT/google-temporarily-disables-google-maps-live-traffic-data-in-ukraine-20220228,28-Feb-22,Tech,Google temporarily disables Google Maps live traffic data in Ukraine,,https://cdn.24.co.za/files/Cms/General/d/9933/4e8a8759c202453db189145cfe4dd6d2.jpg,Alphabet Inc's Google confirmed on Sunday it has temporarily disabled for Ukraine some Google Maps tools which provide live information about traffic conditions and how busy different places are. Photo Illustration by Omar Marques/SOPA Images/LightRocket via Getty Images,
94,https://www.news24.com/fin24/Companies/ICT/facebook-shuts-down-pro-russian-network-ukraine-account-hijacks-20220228,28-Feb-22,Tech,"Facebook shuts down pro-Russian network, Ukraine account hijacks",Vlad Savov,https://cdn.24.co.za/files/Cms/General/d/9058/82201968bcf44fde912124a36a1e1bc3.jpg,"Facebook found and disabled a disinformation network that operated accounts, groups and pages targeting Ukraine across its social networks (Photo Illustration by Rafael Henrique/SOPA Images/LightRocket via Getty Images)",
95,https://www.news24.com/fin24/Companies/ICT/apple-halts-product-sales-in-russia-removes-rt-news-app-20220302,02-Mar-22,Tech,"Apple halts product sales in Russia, removes RT News app from store",Mark Gurman,https://cdn.24.co.za/files/Cms/General/d/8819/5f853b8e79444df2b857e6f5abd50855.jpg,Apple's store and logo (Photo by Miguel Candela/SOPA Images/LightRocket via Getty Images),"This isn’t the first time Apple has cut off a country. Apple stopped sales briefly in Turkey last year because of economic turmoil and currency fluctuation. But it’s a rare step by the world’s most valuable company and will further isolate a nation of about 145 million people.Apple shares dipped to session lows following news of the move, before recouping some of the losses. The stock fell 1.2% for the day, closing at $163.20.The Cupertino, California-based company also began limiting its Apple Pay service and other online offerings in Russia during recent days. The shuttered online store sold iPhones, Macs, iPads, AirPods and other products directly to consumers. In recent months, the company also registered a business office in Russia and this month posted job listings for about half-a-dozen positions in Moscow. Nike, another iconic U.S. brand, halted sales in Russia as well, saying Tuesday that it ""cannot guarantee delivery of goods to customers."" HP Inc, the largest supplier of personal computers to Russia, also stopped exports to the country this week. Russia launched a full-scale invasion of Ukraine last week, attacking from the north, east and south of the country. Russian troops have shelled Ukrainian cities, aiming to seize the capital, Kyiv.Apple said it will continue to evaluate the situation and that it is in communication with governments on the actions that it’s taking. “We join all those around the world who are calling for peace,” the company said.Chief Executive Officer Tim Cook expressed his concern last week about the “situation in Ukraine,” without naming Russia. “I am thinking of the people who are right now in harm’s way and joining all those calling for peace,” he tweeted."
96,https://www.news24.com/fin24/Companies/ICT/google-temporarily-disables-google-maps-live-traffic-data-in-ukraine-20220228,28-Feb-22,Tech,Google temporarily disables Google Maps live traffic data in Ukraine,,https://cdn.24.co.za/files/Cms/General/d/9933/4e8a8759c202453db189145cfe4dd6d2.jpg,Alphabet Inc's Google confirmed on Sunday it has temporarily disabled for Ukraine some Google Maps tools which provide live information about traffic conditions and how busy different places are. Photo Illustration by Omar Marques/SOPA Images/LightRocket via Getty Images,
97,https://www.news24.com/fin24/Companies/ICT/facebook-shuts-down-pro-russian-network-ukraine-account-hijacks-20220228,28-Feb-22,Tech,"Facebook shuts down pro-Russian network, Ukraine account hijacks",Vlad Savov,https://cdn.24.co.za/files/Cms/General/d/9058/82201968bcf44fde912124a36a1e1bc3.jpg,"Facebook found and disabled a disinformation network that operated accounts, groups and pages targeting Ukraine across its social networks (Photo Illustration by Rafael Henrique/SOPA Images/LightRocket via Getty Images)",
98,https://www.news24.com/fin24/Companies/ICT/apple-halts-product-sales-in-russia-removes-rt-news-app-20220302,02-Mar-22,Tech,"Apple halts product sales in Russia, removes RT News app from store",Mark Gurman,https://cdn.24.co.za/files/Cms/General/d/8819/5f853b8e79444df2b857e6f5abd50855.jpg,Apple's store and logo (Photo by Miguel Candela/SOPA Images/LightRocket via Getty Images),"This isn’t the first time Apple has cut off a country. Apple stopped sales briefly in Turkey last year because of economic turmoil and currency fluctuation. But it’s a rare step by the world’s most valuable company and will further isolate a nation of about 145 million people.Apple shares dipped to session lows following news of the move, before recouping some of the losses. The stock fell 1.2% for the day, closing at $163.20.The Cupertino, California-based company also began limiting its Apple Pay service and other online offerings in Russia during recent days. The shuttered online store sold iPhones, Macs, iPads, AirPods and other products directly to consumers. In recent months, the company also registered a business office in Russia and this month posted job listings for about half-a-dozen positions in Moscow. Nike, another iconic U.S. brand, halted sales in Russia as well, saying Tuesday that it ""cannot guarantee delivery of goods to customers."" HP Inc, the largest supplier of personal computers to Russia, also stopped exports to the country this week. Russia launched a full-scale invasion of Ukraine last week, attacking from the north, east and south of the country. Russian troops have shelled Ukrainian cities, aiming to seize the capital, Kyiv.Apple said it will continue to evaluate the situation and that it is in communication with governments on the actions that it’s taking. “We join all those around the world who are calling for peace,” the company said.Chief Executive Officer Tim Cook expressed his concern last week about the “situation in Ukraine,” without naming Russia. “I am thinking of the people who are right now in harm’s way and joining all those calling for peace,” he tweeted."
99,https://www.news24.com/fin24/Companies/ICT/google-temporarily-disables-google-maps-live-traffic-data-in-ukraine-20220228,28-Feb-22,Tech,Google temporarily disables Google Maps live traffic data in Ukraine,,https://cdn.24.co.za/files/Cms/General/d/9933/4e8a8759c202453db189145cfe4dd6d2.jpg,Alphabet Inc's Google confirmed on Sunday it has temporarily disabled for Ukraine some Google Maps tools which provide live information about traffic conditions and how busy different places are. Photo Illustration by Omar Marques/SOPA Images/LightRocket via Getty Images,
100,https://www.news24.com/fin24/Companies/ICT/facebook-shuts-down-pro-russian-network-ukraine-account-hijacks-20220228,28-Feb-22,Tech,"Facebook shuts down pro-Russian network, Ukraine account hijacks",Vlad Savov,https://cdn.24.co.za/files/Cms/General/d/9058/82201968bcf44fde912124a36a1e1bc3.jpg,"Facebook found and disabled a disinformation network that operated accounts, groups and pages targeting Ukraine across its social networks (Photo Illustration by Rafael Henrique/SOPA Images/LightRocket via Getty Images)",
101,https://www.news24.com/fin24/Tech/americans-invested-a-record-r80bn-in-african-tech-start-ups-in-2021-20211231,31-Dec-21,Tech,Americans invested a record R80bn in African tech start-ups in 2021,Samuel Gebre,https://cdn.24.co.za/files/Cms/General/d/11252/ac077a7659e64fa9a9fb3eaf1b71c353.jpg,US investors are helping Africa's young population conduct financial transactions,"Fintechs attracted the majority of the funding -- 62% of investment in 2021. Health and logistic companies were the other sectors to draw investment, according to data from Briter."
102,https://www.news24.com/fin24/Companies/ICT/apple-halts-product-sales-in-russia-removes-rt-news-app-20220302,02-Mar-22,Tech,"Apple halts product sales in Russia, removes RT News app from store",Mark Gurman,https://cdn.24.co.za/files/Cms/General/d/8819/5f853b8e79444df2b857e6f5abd50855.jpg,Apple's store and logo (Photo by Miguel Candela/SOPA Images/LightRocket via Getty Images),"This isn’t the first time Apple has cut off a country. Apple stopped sales briefly in Turkey last year because of economic turmoil and currency fluctuation. But it’s a rare step by the world’s most valuable company and will further isolate a nation of about 145 million people.Apple shares dipped to session lows following news of the move, before recouping some of the losses. The stock fell 1.2% for the day, closing at $163.20.The Cupertino, California-based company also began limiting its Apple Pay service and other online offerings in Russia during recent days. The shuttered online store sold iPhones, Macs, iPads, AirPods and other products directly to consumers. In recent months, the company also registered a business office in Russia and this month posted job listings for about half-a-dozen positions in Moscow. Nike, another iconic U.S. brand, halted sales in Russia as well, saying Tuesday that it ""cannot guarantee delivery of goods to customers."" HP Inc, the largest supplier of personal computers to Russia, also stopped exports to the country this week. Russia launched a full-scale invasion of Ukraine last week, attacking from the north, east and south of the country. Russian troops have shelled Ukrainian cities, aiming to seize the capital, Kyiv.Apple said it will continue to evaluate the situation and that it is in communication with governments on the actions that it’s taking. “We join all those around the world who are calling for peace,” the company said.Chief Executive Officer Tim Cook expressed his concern last week about the “situation in Ukraine,” without naming Russia. “I am thinking of the people who are right now in harm’s way and joining all those calling for peace,” he tweeted."
103,https://www.news24.com/fin24/Companies/ICT/google-temporarily-disables-google-maps-live-traffic-data-in-ukraine-20220228,28-Feb-22,Tech,Google temporarily disables Google Maps live traffic data in Ukraine,,https://cdn.24.co.za/files/Cms/General/d/9933/4e8a8759c202453db189145cfe4dd6d2.jpg,Alphabet Inc's Google confirmed on Sunday it has temporarily disabled for Ukraine some Google Maps tools which provide live information about traffic conditions and how busy different places are. Photo Illustration by Omar Marques/SOPA Images/LightRocket via Getty Images,
104,https://www.news24.com/fin24/Companies/ICT/facebook-shuts-down-pro-russian-network-ukraine-account-hijacks-20220228,28-Feb-22,Tech,"Facebook shuts down pro-Russian network, Ukraine account hijacks",Vlad Savov,https://cdn.24.co.za/files/Cms/General/d/9058/82201968bcf44fde912124a36a1e1bc3.jpg,"Facebook found and disabled a disinformation network that operated accounts, groups and pages targeting Ukraine across its social networks (Photo Illustration by Rafael Henrique/SOPA Images/LightRocket via Getty Images)",
105,https://www.news24.com/fin24/Tech/americans-invested-a-record-r80bn-in-african-tech-start-ups-in-2021-20211231,31-Dec-21,Tech,Americans invested a record R80bn in African tech start-ups in 2021,Samuel Gebre,https://cdn.24.co.za/files/Cms/General/d/11252/ac077a7659e64fa9a9fb3eaf1b71c353.jpg,US investors are helping Africa's young population conduct financial transactions,"Fintechs attracted the majority of the funding -- 62% of investment in 2021. Health and logistic companies were the other sectors to draw investment, according to data from Briter."
106,https://www.news24.com/fin24/International/new-years-eve-is-happening-in-the-metaverse-this-year-20211229,29-Dec-21,Tech,New Year’s Eve is happening in the Metaverse this year,Emily Graffeo,https://cdn.24.co.za/files/Cms/General/d/1009/d2aba657ae70416fbc2ae3fd7d19d1fb.jpg,"The New Year’s Eve ball drop  will take place in Decentraland, a blockchain-based virtual world.","“A lot of my plans over the last couple of weeks and over the next couple of weeks have all been canceled, but this one’s going to remain,” Koster said via phone. “Ironically I have never seen the ball drop in person. I’ve always wanted to, but there’s always been one issue or another. I’m looking forward to seeing the ball drop virtually for the first time.”"
107,https://www.news24.com/fin24/Companies/ICT/apple-halts-product-sales-in-russia-removes-rt-news-app-20220302,02-Mar-22,Tech,"Apple halts product sales in Russia, removes RT News app from store",Mark Gurman,https://cdn.24.co.za/files/Cms/General/d/8819/5f853b8e79444df2b857e6f5abd50855.jpg,Apple's store and logo (Photo by Miguel Candela/SOPA Images/LightRocket via Getty Images),"This isn’t the first time Apple has cut off a country. Apple stopped sales briefly in Turkey last year because of economic turmoil and currency fluctuation. But it’s a rare step by the world’s most valuable company and will further isolate a nation of about 145 million people.Apple shares dipped to session lows following news of the move, before recouping some of the losses. The stock fell 1.2% for the day, closing at $163.20.The Cupertino, California-based company also began limiting its Apple Pay service and other online offerings in Russia during recent days. The shuttered online store sold iPhones, Macs, iPads, AirPods and other products directly to consumers. In recent months, the company also registered a business office in Russia and this month posted job listings for about half-a-dozen positions in Moscow. Nike, another iconic U.S. brand, halted sales in Russia as well, saying Tuesday that it ""cannot guarantee delivery of goods to customers."" HP Inc, the largest supplier of personal computers to Russia, also stopped exports to the country this week. Russia launched a full-scale invasion of Ukraine last week, attacking from the north, east and south of the country. Russian troops have shelled Ukrainian cities, aiming to seize the capital, Kyiv.Apple said it will continue to evaluate the situation and that it is in communication with governments on the actions that it’s taking. “We join all those around the world who are calling for peace,” the company said.Chief Executive Officer Tim Cook expressed his concern last week about the “situation in Ukraine,” without naming Russia. “I am thinking of the people who are right now in harm’s way and joining all those calling for peace,” he tweeted."
108,https://www.news24.com/fin24/Companies/ICT/google-temporarily-disables-google-maps-live-traffic-data-in-ukraine-20220228,28-Feb-22,Tech,Google temporarily disables Google Maps live traffic data in Ukraine,,https://cdn.24.co.za/files/Cms/General/d/9933/4e8a8759c202453db189145cfe4dd6d2.jpg,Alphabet Inc's Google confirmed on Sunday it has temporarily disabled for Ukraine some Google Maps tools which provide live information about traffic conditions and how busy different places are. Photo Illustration by Omar Marques/SOPA Images/LightRocket via Getty Images,
109,https://www.news24.com/fin24/Companies/ICT/facebook-shuts-down-pro-russian-network-ukraine-account-hijacks-20220228,28-Feb-22,Tech,"Facebook shuts down pro-Russian network, Ukraine account hijacks",Vlad Savov,https://cdn.24.co.za/files/Cms/General/d/9058/82201968bcf44fde912124a36a1e1bc3.jpg,"Facebook found and disabled a disinformation network that operated accounts, groups and pages targeting Ukraine across its social networks (Photo Illustration by Rafael Henrique/SOPA Images/LightRocket via Getty Images)",
110,https://www.news24.com/fin24/Tech/americans-invested-a-record-r80bn-in-african-tech-start-ups-in-2021-20211231,31-Dec-21,Tech,Americans invested a record R80bn in African tech start-ups in 2021,Samuel Gebre,https://cdn.24.co.za/files/Cms/General/d/11252/ac077a7659e64fa9a9fb3eaf1b71c353.jpg,US investors are helping Africa's young population conduct financial transactions,"Fintechs attracted the majority of the funding -- 62% of investment in 2021. Health and logistic companies were the other sectors to draw investment, according to data from Briter."
111,https://www.news24.com/fin24/International/new-years-eve-is-happening-in-the-metaverse-this-year-20211229,29-Dec-21,Tech,New Year’s Eve is happening in the Metaverse this year,Emily Graffeo,https://cdn.24.co.za/files/Cms/General/d/1009/d2aba657ae70416fbc2ae3fd7d19d1fb.jpg,"The New Year’s Eve ball drop  will take place in Decentraland, a blockchain-based virtual world.","“A lot of my plans over the last couple of weeks and over the next couple of weeks have all been canceled, but this one’s going to remain,” Koster said via phone. “Ironically I have never seen the ball drop in person. I’ve always wanted to, but there’s always been one issue or another. I’m looking forward to seeing the ball drop virtually for the first time.”"
112,https://www.news24.com/fin24/Tech/north-west-switches-to-digital-tv-signal-as-march-deadline-looms-20211222,22-Dec-21,Tech,North West switches to digital TV signal as March deadline looms,Sibongile Khumalo,https://cdn.24.co.za/files/Cms/General/d/727/67d81045856741ac84c697ca57e778db.jpg,South Africa must complete its digital migration by 31 March 2022.,
113,https://www.news24.com/fin24/Companies/ICT/apple-halts-product-sales-in-russia-removes-rt-news-app-20220302,02-Mar-22,Tech,"Apple halts product sales in Russia, removes RT News app from store",Mark Gurman,https://cdn.24.co.za/files/Cms/General/d/8819/5f853b8e79444df2b857e6f5abd50855.jpg,Apple's store and logo (Photo by Miguel Candela/SOPA Images/LightRocket via Getty Images),"This isn’t the first time Apple has cut off a country. Apple stopped sales briefly in Turkey last year because of economic turmoil and currency fluctuation. But it’s a rare step by the world’s most valuable company and will further isolate a nation of about 145 million people.Apple shares dipped to session lows following news of the move, before recouping some of the losses. The stock fell 1.2% for the day, closing at $163.20.The Cupertino, California-based company also began limiting its Apple Pay service and other online offerings in Russia during recent days. The shuttered online store sold iPhones, Macs, iPads, AirPods and other products directly to consumers. In recent months, the company also registered a business office in Russia and this month posted job listings for about half-a-dozen positions in Moscow. Nike, another iconic U.S. brand, halted sales in Russia as well, saying Tuesday that it ""cannot guarantee delivery of goods to customers."" HP Inc, the largest supplier of personal computers to Russia, also stopped exports to the country this week. Russia launched a full-scale invasion of Ukraine last week, attacking from the north, east and south of the country. Russian troops have shelled Ukrainian cities, aiming to seize the capital, Kyiv.Apple said it will continue to evaluate the situation and that it is in communication with governments on the actions that it’s taking. “We join all those around the world who are calling for peace,” the company said.Chief Executive Officer Tim Cook expressed his concern last week about the “situation in Ukraine,” without naming Russia. “I am thinking of the people who are right now in harm’s way and joining all those calling for peace,” he tweeted."
114,https://www.news24.com/fin24/Companies/ICT/google-temporarily-disables-google-maps-live-traffic-data-in-ukraine-20220228,28-Feb-22,Tech,Google temporarily disables Google Maps live traffic data in Ukraine,,https://cdn.24.co.za/files/Cms/General/d/9933/4e8a8759c202453db189145cfe4dd6d2.jpg,Alphabet Inc's Google confirmed on Sunday it has temporarily disabled for Ukraine some Google Maps tools which provide live information about traffic conditions and how busy different places are. Photo Illustration by Omar Marques/SOPA Images/LightRocket via Getty Images,
115,https://www.news24.com/fin24/Companies/ICT/facebook-shuts-down-pro-russian-network-ukraine-account-hijacks-20220228,28-Feb-22,Tech,"Facebook shuts down pro-Russian network, Ukraine account hijacks",Vlad Savov,https://cdn.24.co.za/files/Cms/General/d/9058/82201968bcf44fde912124a36a1e1bc3.jpg,"Facebook found and disabled a disinformation network that operated accounts, groups and pages targeting Ukraine across its social networks (Photo Illustration by Rafael Henrique/SOPA Images/LightRocket via Getty Images)",
116,https://www.news24.com/fin24/Tech/americans-invested-a-record-r80bn-in-african-tech-start-ups-in-2021-20211231,31-Dec-21,Tech,Americans invested a record R80bn in African tech start-ups in 2021,Samuel Gebre,https://cdn.24.co.za/files/Cms/General/d/11252/ac077a7659e64fa9a9fb3eaf1b71c353.jpg,US investors are helping Africa's young population conduct financial transactions,"Fintechs attracted the majority of the funding -- 62% of investment in 2021. Health and logistic companies were the other sectors to draw investment, according to data from Briter."
117,https://www.news24.com/fin24/International/new-years-eve-is-happening-in-the-metaverse-this-year-20211229,29-Dec-21,Tech,New Year’s Eve is happening in the Metaverse this year,Emily Graffeo,https://cdn.24.co.za/files/Cms/General/d/1009/d2aba657ae70416fbc2ae3fd7d19d1fb.jpg,"The New Year’s Eve ball drop  will take place in Decentraland, a blockchain-based virtual world.","“A lot of my plans over the last couple of weeks and over the next couple of weeks have all been canceled, but this one’s going to remain,” Koster said via phone. “Ironically I have never seen the ball drop in person. I’ve always wanted to, but there’s always been one issue or another. I’m looking forward to seeing the ball drop virtually for the first time.”"
118,https://www.news24.com/fin24/Tech/north-west-switches-to-digital-tv-signal-as-march-deadline-looms-20211222,22-Dec-21,Tech,North West switches to digital TV signal as March deadline looms,Sibongile Khumalo,https://cdn.24.co.za/files/Cms/General/d/727/67d81045856741ac84c697ca57e778db.jpg,South Africa must complete its digital migration by 31 March 2022.,
119,https://www.news24.com/fin24/Tech/inside-south-african-virology-labs-hunting-for-the-next-variant-20211218,18-Dec-21,Tech,Inside South African virology labs: hunting for the next variant,Janice Kew,https://cdn.24.co.za/files/Cms/General/d/1106/eac0c8d597d34ed5aa7f5598d04b9408.jpg,South African and Botswanan scientists discovered the omicron variant last month,"We need to start by “understanding how these variants evolve and in doing more surveillance,” he said."
120,https://www.news24.com/fin24/Companies/ICT/apple-halts-product-sales-in-russia-removes-rt-news-app-20220302,02-Mar-22,Tech,"Apple halts product sales in Russia, removes RT News app from store",Mark Gurman,https://cdn.24.co.za/files/Cms/General/d/8819/5f853b8e79444df2b857e6f5abd50855.jpg,Apple's store and logo (Photo by Miguel Candela/SOPA Images/LightRocket via Getty Images),"This isn’t the first time Apple has cut off a country. Apple stopped sales briefly in Turkey last year because of economic turmoil and currency fluctuation. But it’s a rare step by the world’s most valuable company and will further isolate a nation of about 145 million people.Apple shares dipped to session lows following news of the move, before recouping some of the losses. The stock fell 1.2% for the day, closing at $163.20.The Cupertino, California-based company also began limiting its Apple Pay service and other online offerings in Russia during recent days. The shuttered online store sold iPhones, Macs, iPads, AirPods and other products directly to consumers. In recent months, the company also registered a business office in Russia and this month posted job listings for about half-a-dozen positions in Moscow. Nike, another iconic U.S. brand, halted sales in Russia as well, saying Tuesday that it ""cannot guarantee delivery of goods to customers."" HP Inc, the largest supplier of personal computers to Russia, also stopped exports to the country this week. Russia launched a full-scale invasion of Ukraine last week, attacking from the north, east and south of the country. Russian troops have shelled Ukrainian cities, aiming to seize the capital, Kyiv.Apple said it will continue to evaluate the situation and that it is in communication with governments on the actions that it’s taking. “We join all those around the world who are calling for peace,” the company said.Chief Executive Officer Tim Cook expressed his concern last week about the “situation in Ukraine,” without naming Russia. “I am thinking of the people who are right now in harm’s way and joining all those calling for peace,” he tweeted."
121,https://www.news24.com/fin24/Companies/ICT/google-temporarily-disables-google-maps-live-traffic-data-in-ukraine-20220228,28-Feb-22,Tech,Google temporarily disables Google Maps live traffic data in Ukraine,,https://cdn.24.co.za/files/Cms/General/d/9933/4e8a8759c202453db189145cfe4dd6d2.jpg,Alphabet Inc's Google confirmed on Sunday it has temporarily disabled for Ukraine some Google Maps tools which provide live information about traffic conditions and how busy different places are. Photo Illustration by Omar Marques/SOPA Images/LightRocket via Getty Images,
122,https://www.news24.com/fin24/Companies/ICT/facebook-shuts-down-pro-russian-network-ukraine-account-hijacks-20220228,28-Feb-22,Tech,"Facebook shuts down pro-Russian network, Ukraine account hijacks",Vlad Savov,https://cdn.24.co.za/files/Cms/General/d/9058/82201968bcf44fde912124a36a1e1bc3.jpg,"Facebook found and disabled a disinformation network that operated accounts, groups and pages targeting Ukraine across its social networks (Photo Illustration by Rafael Henrique/SOPA Images/LightRocket via Getty Images)",
123,https://www.news24.com/fin24/Tech/americans-invested-a-record-r80bn-in-african-tech-start-ups-in-2021-20211231,31-Dec-21,Tech,Americans invested a record R80bn in African tech start-ups in 2021,Samuel Gebre,https://cdn.24.co.za/files/Cms/General/d/11252/ac077a7659e64fa9a9fb3eaf1b71c353.jpg,US investors are helping Africa's young population conduct financial transactions,"Fintechs attracted the majority of the funding -- 62% of investment in 2021. Health and logistic companies were the other sectors to draw investment, according to data from Briter."
124,https://www.news24.com/fin24/International/new-years-eve-is-happening-in-the-metaverse-this-year-20211229,29-Dec-21,Tech,New Year’s Eve is happening in the Metaverse this year,Emily Graffeo,https://cdn.24.co.za/files/Cms/General/d/1009/d2aba657ae70416fbc2ae3fd7d19d1fb.jpg,"The New Year’s Eve ball drop  will take place in Decentraland, a blockchain-based virtual world.","“A lot of my plans over the last couple of weeks and over the next couple of weeks have all been canceled, but this one’s going to remain,” Koster said via phone. “Ironically I have never seen the ball drop in person. I’ve always wanted to, but there’s always been one issue or another. I’m looking forward to seeing the ball drop virtually for the first time.”"
125,https://www.news24.com/fin24/Tech/north-west-switches-to-digital-tv-signal-as-march-deadline-looms-20211222,22-Dec-21,Tech,North West switches to digital TV signal as March deadline looms,Sibongile Khumalo,https://cdn.24.co.za/files/Cms/General/d/727/67d81045856741ac84c697ca57e778db.jpg,South Africa must complete its digital migration by 31 March 2022.,
126,https://www.news24.com/fin24/Tech/inside-south-african-virology-labs-hunting-for-the-next-variant-20211218,18-Dec-21,Tech,Inside South African virology labs: hunting for the next variant,Janice Kew,https://cdn.24.co.za/files/Cms/General/d/1106/eac0c8d597d34ed5aa7f5598d04b9408.jpg,South African and Botswanan scientists discovered the omicron variant last month,"We need to start by “understanding how these variants evolve and in doing more surveillance,” he said."
127,https://www.news24.com/fin24/Tech/vodacom-and-mtn-join-telkom-in-temporary-spectrum-battle-against-icasa-20211016,16-Oct-21,Tech,Vodacom and MTN join Telkom in temporary spectrum battle against Icasa,Penelope Mashego,https://cdn.24.co.za/files/Cms/General/d/11520/0d8abdda2b2e4da29b8ebce17ecb1ee4.jpg,"Telkom, Vodacom and MTN  have turned to the court in hopes that they won't have to return additional spectrum from Icasa.","""MTN had hoped to resolve this matter outside of the courts but with the November deadline looming, we believe it is imperative we act to protect the millions of South Africans that have become so dependent on fast and stable data services. If an opportunity still exists to resolve the matter out of court, MTN remains open and constructive to that option,"" she concluded."
128,https://www.news24.com/fin24/Companies/ICT/apple-halts-product-sales-in-russia-removes-rt-news-app-20220302,02-Mar-22,Tech,"Apple halts product sales in Russia, removes RT News app from store",Mark Gurman,https://cdn.24.co.za/files/Cms/General/d/8819/5f853b8e79444df2b857e6f5abd50855.jpg,Apple's store and logo (Photo by Miguel Candela/SOPA Images/LightRocket via Getty Images),"This isn’t the first time Apple has cut off a country. Apple stopped sales briefly in Turkey last year because of economic turmoil and currency fluctuation. But it’s a rare step by the world’s most valuable company and will further isolate a nation of about 145 million people.Apple shares dipped to session lows following news of the move, before recouping some of the losses. The stock fell 1.2% for the day, closing at $163.20.The Cupertino, California-based company also began limiting its Apple Pay service and other online offerings in Russia during recent days. The shuttered online store sold iPhones, Macs, iPads, AirPods and other products directly to consumers. In recent months, the company also registered a business office in Russia and this month posted job listings for about half-a-dozen positions in Moscow. Nike, another iconic U.S. brand, halted sales in Russia as well, saying Tuesday that it ""cannot guarantee delivery of goods to customers."" HP Inc, the largest supplier of personal computers to Russia, also stopped exports to the country this week. Russia launched a full-scale invasion of Ukraine last week, attacking from the north, east and south of the country. Russian troops have shelled Ukrainian cities, aiming to seize the capital, Kyiv.Apple said it will continue to evaluate the situation and that it is in communication with governments on the actions that it’s taking. “We join all those around the world who are calling for peace,” the company said.Chief Executive Officer Tim Cook expressed his concern last week about the “situation in Ukraine,” without naming Russia. “I am thinking of the people who are right now in harm’s way and joining all those calling for peace,” he tweeted."
129,https://www.news24.com/fin24/Companies/ICT/google-temporarily-disables-google-maps-live-traffic-data-in-ukraine-20220228,28-Feb-22,Tech,Google temporarily disables Google Maps live traffic data in Ukraine,,https://cdn.24.co.za/files/Cms/General/d/9933/4e8a8759c202453db189145cfe4dd6d2.jpg,Alphabet Inc's Google confirmed on Sunday it has temporarily disabled for Ukraine some Google Maps tools which provide live information about traffic conditions and how busy different places are. Photo Illustration by Omar Marques/SOPA Images/LightRocket via Getty Images,
130,https://www.news24.com/fin24/Companies/ICT/facebook-shuts-down-pro-russian-network-ukraine-account-hijacks-20220228,28-Feb-22,Tech,"Facebook shuts down pro-Russian network, Ukraine account hijacks",Vlad Savov,https://cdn.24.co.za/files/Cms/General/d/9058/82201968bcf44fde912124a36a1e1bc3.jpg,"Facebook found and disabled a disinformation network that operated accounts, groups and pages targeting Ukraine across its social networks (Photo Illustration by Rafael Henrique/SOPA Images/LightRocket via Getty Images)",
131,https://www.news24.com/fin24/Tech/americans-invested-a-record-r80bn-in-african-tech-start-ups-in-2021-20211231,31-Dec-21,Tech,Americans invested a record R80bn in African tech start-ups in 2021,Samuel Gebre,https://cdn.24.co.za/files/Cms/General/d/11252/ac077a7659e64fa9a9fb3eaf1b71c353.jpg,US investors are helping Africa's young population conduct financial transactions,"Fintechs attracted the majority of the funding -- 62% of investment in 2021. Health and logistic companies were the other sectors to draw investment, according to data from Briter."
132,https://www.news24.com/fin24/International/new-years-eve-is-happening-in-the-metaverse-this-year-20211229,29-Dec-21,Tech,New Year’s Eve is happening in the Metaverse this year,Emily Graffeo,https://cdn.24.co.za/files/Cms/General/d/1009/d2aba657ae70416fbc2ae3fd7d19d1fb.jpg,"The New Year’s Eve ball drop  will take place in Decentraland, a blockchain-based virtual world.","“A lot of my plans over the last couple of weeks and over the next couple of weeks have all been canceled, but this one’s going to remain,” Koster said via phone. “Ironically I have never seen the ball drop in person. I’ve always wanted to, but there’s always been one issue or another. I’m looking forward to seeing the ball drop virtually for the first time.”"
133,https://www.news24.com/fin24/Tech/north-west-switches-to-digital-tv-signal-as-march-deadline-looms-20211222,22-Dec-21,Tech,North West switches to digital TV signal as March deadline looms,Sibongile Khumalo,https://cdn.24.co.za/files/Cms/General/d/727/67d81045856741ac84c697ca57e778db.jpg,South Africa must complete its digital migration by 31 March 2022.,
134,https://www.news24.com/fin24/Tech/inside-south-african-virology-labs-hunting-for-the-next-variant-20211218,18-Dec-21,Tech,Inside South African virology labs: hunting for the next variant,Janice Kew,https://cdn.24.co.za/files/Cms/General/d/1106/eac0c8d597d34ed5aa7f5598d04b9408.jpg,South African and Botswanan scientists discovered the omicron variant last month,"We need to start by “understanding how these variants evolve and in doing more surveillance,” he said."
135,https://www.news24.com/fin24/Tech/vodacom-and-mtn-join-telkom-in-temporary-spectrum-battle-against-icasa-20211016,16-Oct-21,Tech,Vodacom and MTN join Telkom in temporary spectrum battle against Icasa,Penelope Mashego,https://cdn.24.co.za/files/Cms/General/d/11520/0d8abdda2b2e4da29b8ebce17ecb1ee4.jpg,"Telkom, Vodacom and MTN  have turned to the court in hopes that they won't have to return additional spectrum from Icasa.","""MTN had hoped to resolve this matter outside of the courts but with the November deadline looming, we believe it is imperative we act to protect the millions of South Africans that have become so dependent on fast and stable data services. If an opportunity still exists to resolve the matter out of court, MTN remains open and constructive to that option,"" she concluded."
136,https://www.news24.com/fin24/Tech/samsung-forecasts-near-30-jump-in-third-quarter-operating-profit-20211010,10-Oct-21,Tech,Samsung forecasts near-30% jump in third-quarter operating profit,,https://cdn.24.co.za/files/Cms/General/d/6522/bfcb8ecf6dab41d584da8234c1e827b9.jpg,"Coronavirus-driven working from home has boosted demand for devices powered by Samsung's chips, as well as home appliances such as televisions and washing machines.",But his August release is not the end of his legal travails: he remains on trial on separate accusations of manipulating a takeover to smooth his succession at the top of the Samsung group -- the same controversy over which he was said to have sought help from Park.
137,https://www.news24.com/fin24/Companies/ICT/apple-halts-product-sales-in-russia-removes-rt-news-app-20220302,02-Mar-22,Tech,"Apple halts product sales in Russia, removes RT News app from store",Mark Gurman,https://cdn.24.co.za/files/Cms/General/d/8819/5f853b8e79444df2b857e6f5abd50855.jpg,Apple's store and logo (Photo by Miguel Candela/SOPA Images/LightRocket via Getty Images),"This isn’t the first time Apple has cut off a country. Apple stopped sales briefly in Turkey last year because of economic turmoil and currency fluctuation. But it’s a rare step by the world’s most valuable company and will further isolate a nation of about 145 million people.Apple shares dipped to session lows following news of the move, before recouping some of the losses. The stock fell 1.2% for the day, closing at $163.20.The Cupertino, California-based company also began limiting its Apple Pay service and other online offerings in Russia during recent days. The shuttered online store sold iPhones, Macs, iPads, AirPods and other products directly to consumers. In recent months, the company also registered a business office in Russia and this month posted job listings for about half-a-dozen positions in Moscow. Nike, another iconic U.S. brand, halted sales in Russia as well, saying Tuesday that it ""cannot guarantee delivery of goods to customers."" HP Inc, the largest supplier of personal computers to Russia, also stopped exports to the country this week. Russia launched a full-scale invasion of Ukraine last week, attacking from the north, east and south of the country. Russian troops have shelled Ukrainian cities, aiming to seize the capital, Kyiv.Apple said it will continue to evaluate the situation and that it is in communication with governments on the actions that it’s taking. “We join all those around the world who are calling for peace,” the company said.Chief Executive Officer Tim Cook expressed his concern last week about the “situation in Ukraine,” without naming Russia. “I am thinking of the people who are right now in harm’s way and joining all those calling for peace,” he tweeted."
138,https://www.news24.com/fin24/Companies/ICT/google-temporarily-disables-google-maps-live-traffic-data-in-ukraine-20220228,28-Feb-22,Tech,Google temporarily disables Google Maps live traffic data in Ukraine,,https://cdn.24.co.za/files/Cms/General/d/9933/4e8a8759c202453db189145cfe4dd6d2.jpg,Alphabet Inc's Google confirmed on Sunday it has temporarily disabled for Ukraine some Google Maps tools which provide live information about traffic conditions and how busy different places are. Photo Illustration by Omar Marques/SOPA Images/LightRocket via Getty Images,
139,https://www.news24.com/fin24/Companies/ICT/facebook-shuts-down-pro-russian-network-ukraine-account-hijacks-20220228,28-Feb-22,Tech,"Facebook shuts down pro-Russian network, Ukraine account hijacks",Vlad Savov,https://cdn.24.co.za/files/Cms/General/d/9058/82201968bcf44fde912124a36a1e1bc3.jpg,"Facebook found and disabled a disinformation network that operated accounts, groups and pages targeting Ukraine across its social networks (Photo Illustration by Rafael Henrique/SOPA Images/LightRocket via Getty Images)",
140,https://www.news24.com/fin24/Tech/americans-invested-a-record-r80bn-in-african-tech-start-ups-in-2021-20211231,31-Dec-21,Tech,Americans invested a record R80bn in African tech start-ups in 2021,Samuel Gebre,https://cdn.24.co.za/files/Cms/General/d/11252/ac077a7659e64fa9a9fb3eaf1b71c353.jpg,US investors are helping Africa's young population conduct financial transactions,"Fintechs attracted the majority of the funding -- 62% of investment in 2021. Health and logistic companies were the other sectors to draw investment, according to data from Briter."
